"John","Doe"
"Thuy","Martinez"
"Eleni","Pickron"
"Barbara","Fearless"
"Kaycee","Kaycee"
"Alda","Luker"
"Keely","Fiorillo"
"Ozell","Tinner"
"Jenelle","Vrba"
"Jann","Raskin"
"Kyra","Bly"
"Denna","Lenig"
"Raina","Robichaud"
"Lisabeth","Noone"
"Lovie","Shirk"
"Tasha","Waggener"
"Sachiko","Crump"
"Wilmer","Koepke"
"Zackary","Lamica"
"Pauletta","Liao"
"Krysta","Lessard"
"Cira","Krogman"
"Christopher","Hoskinson"
"Mariam","Farah"
"Manual","Doner"
"Brandi","Scheck"
"Anja","Neyman"
"Stevie","Espiritu"
"Trudy","Britt"
"Alycia","Amsden"
"Althea","Rosati"
"Gertha","Berk"
"Barton","Eggers"
"Bryce","Ringdahl"
"Meghan","Sansone"
"Nanette","Ogden"
"Ethelene","Bernard"
"Rosaline","Beaver"
"Leeanna","Agtarap"
"Hedwig","Tabor"
"Min","Geeter"
"Glory","Ash"
"Roxana","Atchinson"
"Annette","Wambach"
"Epifania","Ballweg"
"Jung","Widger"
"Lasandra","Goggin"
"Alessandra","Brooker"
"Eusebio","Charbonneau"
"Odis","Hubner"
"Antwan","Hazley"
"Karole","Furlough"
"Martine","Kimrey"
"Carmelia","Plumadore"
"Eugenio","Averett"
"Drema","Maitland"
"Adelina","Reagan"
"Bettyann","Donaldson"
"Nelda","Biller"
"Pennie","Streight"
"Deandra","Lancaster"
"Jefferson","Truby"
"Carma","Right"
"Arnulfo","Testani"
"Shonta","Witman"
"Beverlee","Pitt"
"Dena","Buffkin"
"Alexandria","Simpler"
"Shirleen","Grosz"
"Lynna","Dunbar"
"Awilda","Poston"
"Aubrey","Biggerstaff"
"Ivey","Burke"
"Hyacinth","Nicholes"
"Denver","Maza"
"Chin","Godwin"
"Arlette","Motta"
"Janene","Osborne"
"Carmela","Greenland"
"Tonda","Glaser"
"Maryellen","Dube"
"Rory","Paille"
"Rozanne","Brenton"
"Cammy","Noss"
"Carroll","Latshaw"
"Jeanine","Zawacki"
"Georgiann","Mcchristian"
"Palma","Fanelli"
"Liliana","Ange"
"Anne","Ruoff"
"Jerica","Dressel"
"Janae","Li"
"Reanna","Pracht"
"Ula","Littell"
"Phoebe","Shirkey"
"Adelia","Croskey"
"Joan","Tinkham"
"Audrey","Parras"
"Alyse","Spath"
"Melvina","Davila"
"Marcela","Demby"